{
  "0-0-0-0": [
    -9.999999046325684,
    -9.999999046325684,
    -9.999999046325684,
    -9.999999046325684
  ],
  "0-0-3-0": [
    -9.999999046325684,
    -9.999999046325684,
    -9.999999046325684,
    -9.999999046325684
  ],
  "1-0-3-0": [
    -9.999999046325684,
    -9.999999046325684,
    -9.999999046325684,
    -9.999999046325684
  ],
  "2-0-3-1": [
    -9.999999046325684,
    -9.999999046325684,
    -9.999999046325684,
    -9.999999046325684
  ],
  "3-0-3-1": [
    -9.999999046325684,
    -9.999999046325684,
    -9.999999046325684,
    -9.999999046325684
  ],
  "3-0-3-2": [
    -9.999999046325684,
    -9.999999046325684,
    -9.999999046325684,
    -9.999999046325684
  ],
  "0-0-2-0": [
    -9.999999046325684,
    -9.999999046325684,
    -9.999999046325684,
    -9.999999046325684
  ],
  "1-1-3-0": [
    -9.999999046325684,
    -9.999999046325684,
    -9.999999046325684,
    -9.999999046325684
  ],
  "3-1-3-1": [
    -9.999999046325684,
    -9.999999046325684,
    -9.999999046325684,
    -9.999999046325684
  ],
  "3-1-3-2": [
    -9.999999046325684,
    -9.999999046325684,
    -9.999999046325684,
    -9.999999046325684
  ],
  "2-1-3-1": [
    -9.999999046325684,
    -9.999999046325684,
    -9.999999046325684,
    -9.999999046325684
  ],
  "0-1-3-0": [
    -9.999999046325684,
    -9.999999046325684,
    -9.999999046325684,
    -9.999999046325684
  ],
  "0-0-1-0": [
    -3.0,
    -3.0,
    0.0,
    -3.0
  ],
  "2-2-3-1": [
    -9.999987602233887,
    -9.999974250793457,
    -9.999974250793457,
    -9.999974250793457
  ],
  "0-1-2-0": [
    -3.0,
    -3.0,
    -3.0,
    -3.0
  ],
  "1-2-3-0": [
    -9.999999046325684,
    -9.999999046325684,
    -9.999999046325684,
    -9.999999046325684
  ],
  "3-2-3-1": [
    -9.976737022399902,
    -9.976737022399902,
    -9.976737022399902,
    -9.966767311096191
  ],
  "3-2-3-2": [
    -9.999540328979492,
    -9.999061584472656,
    -9.999061584472656,
    -9.998659133911133
  ],
  "3-3-3-2": [
    -5.100000381469727,
    -3.0,
    -3.0,
    0.0
  ],
  "2-1-2-1": [
    -8.319299697875977,
    -7.598999977111816,
    -7.598999977111816,
    -7.598999977111816
  ],
  "1-0-2-0": [
    -8.319299697875977,
    -8.319299697875977,
    -8.319299697875977,
    -7.598999977111816
  ],
  "1-1-2-0": [
    -9.176457405090332,
    -8.82351016998291,
    -8.82351016998291,
    -8.319299697875977
  ],
  "2-3-3-1": [
    -9.802267074584961,
    -3.0,
    -5.100000381469727,
    0.0
  ],
  "1-2-2-0": [
    -9.176457405090332,
    -8.82351016998291,
    -8.82351016998291,
    -8.319299697875977
  ],
  "1-2-1-0": [
    0.0,
    0.0,
    -3.0,
    0.0
  ],
  "2-2-2-1": [
    -9.176457405090332,
    0.0,
    -3.0,
    -3.0
  ],
  "2-2-1-1": [
    -3.0,
    -3.0,
    0.0,
    0.0
  ],
  "2-3-2-1": [
    -6.570000171661377,
    0.0,
    0.0,
    0.0
  ],
  "3-3-2-1": [
    -7.598999977111816,
    0.0,
    0.0,
    0.0
  ],
  "3-3-3-1": [
    -5.100000381469727,
    0.0,
    0.0,
    0.0
  ],
  "1-3-3-0": [
    -5.100000381469727,
    -5.100000381469727,
    -3.0,
    -3.0
  ],
  "2-1-1-1": [
    -9.176457405090332,
    0.0,
    0.0,
    0.0
  ],
  "1-3-2-0": [
    -5.100000381469727,
    0.0,
    0.0,
    0.0
  ],
  "1-3-1-0": [
    -5.100000381469727,
    0.0,
    0.0,
    0.0
  ],
  "2-3-1-1": [
    -3.0,
    0.0,
    0.0,
    0.0
  ],
  "2-3-0-1": [
    0.0,
    0.0,
    0.0,
    -3.0
  ]
}